<!--
configure
PropertyPlaceholderConfigurer bean
 DataSource bean
JdbcTemplate  bean
EmployeeDAO bean 
 -->
<beans xmlns="http://www.springframework.org/schema/beans"
xmlns:xsi="http://www.w3.org/2001/XMLSchema-instance"
xsi:schemaLocation="http://www.springframework.org/schema/beans 
http://www.springframework.org/schema/beans/spring-beans-3.0.xsd">
<bean class="org.springframework.beans.factory.config.PropertyPlaceholderConfigurer">
<property name="location" value="com/example/database.properties"/>
</bean>
<bean id="dataSource" class="org.springframework.jdbc.datasource.DriverManagerDataSource">
<property name="driverClassName" value="${db.driverClassName}"/>
<property name="url" value="${db.url}"/>
<property name="username" value="${db.username}"/>
<property name="password" value="${db.password}"/>
</bean>
<bean id="jdbcTemplate" 
class="org.springframework.jdbc.core.JdbcTemplate">
<property name="dataSource" ref="dataSource"/>
</bean>
<bean id="employeeDAO" 
class="com.example.dao.EmployeeDAOImpl">
<property name="jdbcTemplate" ref="jdbcTemplate"/>
</bean>
</beans>


