<beans xmlns="http://www.springframework.org/schema/beans"
	xmlns:batch="http://www.springframework.org/schema/batch" xmlns:xsi="http://www.w3.org/2001/XMLSchema-instance"
	xsi:schemaLocation="http://www.springframework.org/schema/batch	http://www.springframework.org/schema/batch/spring-batch-3.0.xsd
		http://www.springframework.org/schema/beans http://www.springframework.org/schema/beans/spring-beans-4.0.xsd">

	<import resource="persistence-beans.xml" />

	<!-- JobRepository and JobLauncher are configuration/setup classes -->
	<bean id="jobRepository"
		class="org.springframework.batch.core.repository.support.MapJobRepositoryFactoryBean" />

	<bean id="jobLauncher"
		class="org.springframework.batch.core.launch.support.SimpleJobLauncher">
		<property name="jobRepository" ref="jobRepository" />
	</bean>


	<!-- ItemReader which reads from database and returns the row mapped by 
		rowMapper -->
	<bean id="databaseItemReader"
		class="org.springframework.batch.item.database.JdbcCursorItemReader">

		<property name="dataSource" ref="dbcpDs" />

		<property name="sql"
			value="SELECT ID,SEMESTER, DOB, PERCENTAGE FROM EXAM_RESULT" />

		<property name="rowMapper">
			<bean class="com.nt.rowmapper.ExamResultRowMapper" />
		</property>

	</bean>


	<!-- ItemWriter writes a line into output CSV file -->
	<bean id="flatFileItemWriter" class="org.springframework.batch.item.file.FlatFileItemWriter"
		scope="step">

		<property name="resource" value="file:csv/SuperBrains.csv" />

		<property name="lineAggregator">

			<!-- An Aggregator which converts an object into delimited list of strings -->
			<bean
				class="org.springframework.batch.item.file.transform.DelimitedLineAggregator">

				<property name="delimiter" value="," />

				<property name="fieldExtractor">

					<!-- Extractor which returns the value of beans property through reflection -->
					<bean
						class="org.springframework.batch.item.file.transform.BeanWrapperFieldExtractor">
						<property name="names" value="id, sem, percentage, dob" />
					</bean>
				</property>
			</bean>
		</property>
	</bean>


	<!-- Optional JobExecutionListener to perform business logic before and 
		after the job -->
	<bean id="jobListener" class="com.nt.listener.ExamResultJobListener" />

	<!-- Optional ItemProcessor to perform business logic/filtering on the input 
		records -->
	<bean id="itemProcessor" class="com.nt.batch.ExamResultItemProcessor" />

	<!-- Step will need a transaction manager -->
	<bean id="transactionManager"
		class="org.springframework.batch.support.transaction.ResourcelessTransactionManager" />

	<!-- Actual Job -->
	<batch:job id="examResultJob">
		<batch:step id="step1">
			<batch:tasklet transaction-manager="transactionManager">
				<batch:chunk reader="databaseItemReader" writer="flatFileItemWriter"
					processor="itemProcessor" commit-interval="10" />
			</batch:tasklet>
		</batch:step>
		<batch:listeners>
			<batch:listener ref="jobListener" />
		</batch:listeners>
	</batch:job>

</beans>			