<?xml version="1.0" encoding="UTF-8"?><TopResults><ExamResult><dob>2000-01-22</dob><id>1</id><percentage>93.53</percentage><sem>1</sem></ExamResult><ExamResult><dob>2000-03-06</dob><id>10</id><percentage>95.0</percentage><sem>1</sem></ExamResult><ExamResult><dob>2000-08-13</dob><id>15</id><percentage>96.63</percentage><sem>1</sem></ExamResult><ExamResult><dob>2000-12-22</dob><id>16</id><percentage>98.19</percentage><sem>1</sem></ExamResult><ExamResult><dob>2000-12-24</dob><id>17</id><percentage>95.93</percentage><sem>1</sem></ExamResult><ExamResult><dob>2000-06-18</dob><id>29</id><percentage>93.16</percentage><sem>1</sem></ExamResult><ExamResult><dob>2000-02-09</dob><id>49</id><percentage>96.46</percentage><sem>1</sem></ExamResult><ExamResult><dob>2000-01-29</dob><id>62</id><percentage>90.68</percentage><sem>1</sem></ExamResult><ExamResult><dob>2000-03-11</dob><id>74</id><percentage>93.57</percentage><sem>1</sem></ExamResult><ExamResult><dob>2000-12-03</dob><id>87</id><percentage>92.16</percentage><sem>1</sem></ExamResult><ExamResult><dob>2000-06-12</dob><id>96</id><percentage>97.56</percentage><sem>1</sem></ExamResult><ExamResult><dob>2000-06-01</dob><id>114</id><percentage>93.22</percentage><sem>1</sem></ExamResult><ExamResult><dob>2000-08-22</dob><id>133</id><percentage>93.06</percentage><sem>1</sem></ExamResult><ExamResult><dob>2000-05-21</dob><id>139</id><percentage>93.12</percentage><sem>1</sem></ExamResult><ExamResult><dob>2000-03-12</dob><id>163</id><percentage>97.75</percentage><sem>1</sem></ExamResult><ExamResult><dob>2000-11-11</dob><id>180</id><percentage>91.23</percentage><sem>1</sem></ExamResult><ExamResult><dob>2000-05-27</dob><id>185</id><percentage>97.05</percentage><sem>1</sem></ExamResult><ExamResult><dob>2000-07-02</dob><id>205</id><percentage>98.38</percentage><sem>1</sem></ExamResult><ExamResult><dob>2000-04-03</dob><id>207</id><percentage>99.23</percentage><sem>1</sem></ExamResult><ExamResult><dob>2000-03-10</dob><id>208</id><percentage>97.88</percentage><sem>1</sem></ExamResult><ExamResult><dob>2000-10-17</dob><id>212</id><percentage>90.01</percentage><sem>1</sem></ExamResult><ExamResult><dob>2000-04-13</dob><id>219</id><percentage>91.76</percentage><sem>1</sem></ExamResult><ExamResult><dob>2000-09-27</dob><id>220</id><percentage>94.49</percentage><sem>1</sem></ExamResult><ExamResult><dob>2000-08-29</dob><id>225</id><percentage>92.8</percentage><sem>1</sem></ExamResult><ExamResult><dob>2000-07-25</dob><id>245</id><percentage>98.92</percentage><sem>1</sem></ExamResult><ExamResult><dob>2000-05-09</dob><id>252</id><percentage>94.01</percentage><sem>1</sem></ExamResult><ExamResult><dob>2000-06-04</dob><id>257</id><percentage>96.73</percentage><sem>1</sem></ExamResult><ExamResult><dob>2000-07-23</dob><id>258</id><percentage>90.49</percentage><sem>1</sem></ExamResult><ExamResult><dob>2000-06-16</dob><id>262</id><percentage>92.94</percentage><sem>1</sem></ExamResult><ExamResult><dob>2000-09-13</dob><id>272</id><percentage>98.69</percentage><sem>1</sem></ExamResult><ExamResult><dob>2000-08-24</dob><id>276</id><percentage>90.23</percentage><sem>1</sem></ExamResult><ExamResult><dob>2000-04-20</dob><id>287</id><percentage>98.04</percentage><sem>1</sem></ExamResult><ExamResult><dob>2000-06-11</dob><id>293</id><percentage>96.65</percentage><sem>1</sem></ExamResult><ExamResult><dob>2000-08-08</dob><id>315</id><percentage>92.53</percentage><sem>1</sem></ExamResult><ExamResult><dob>2000-02-20</dob><id>318</id><percentage>95.98</percentage><sem>1</sem></ExamResult><ExamResult><dob>2000-12-01</dob><id>324</id><percentage>90.13</percentage><sem>1</sem></ExamResult><ExamResult><dob>2000-04-15</dob><id>341</id><percentage>96.11</percentage><sem>1</sem></ExamResult><ExamResult><dob>2000-09-05</dob><id>354</id><percentage>90.43</percentage><sem>1</sem></ExamResult><ExamResult><dob>2000-06-12</dob><id>363</id><percentage>92.65</percentage><sem>1</sem></ExamResult><ExamResult><dob>2000-04-10</dob><id>368</id><percentage>93.26</percentage><sem>1</sem></ExamResult><ExamResult><dob>2000-08-28</dob><id>383</id><percentage>92.68</percentage><sem>1</sem></ExamResult><ExamResult><dob>2000-04-01</dob><id>422</id><percentage>97.4</percentage><sem>1</sem></ExamResult><ExamResult><dob>2000-11-07</dob><id>430</id><percentage>97.72</percentage><sem>1</sem></ExamResult><ExamResult><dob>2000-09-21</dob><id>433</id><percentage>96.73</percentage><sem>1</sem></ExamResult><ExamResult><dob>2000-02-12</dob><id>458</id><percentage>99.16</percentage><sem>1</sem></ExamResult><ExamResult><dob>2000-08-08</dob><id>470</id><percentage>94.55</percentage><sem>1</sem></ExamResult><ExamResult><dob>2000-05-27</dob><id>474</id><percentage>90.08</percentage><sem>1</sem></ExamResult><ExamResult><dob>2000-06-19</dob><id>478</id><percentage>92.29</percentage><sem>1</sem></ExamResult><ExamResult><dob>2000-06-03</dob><id>499</id><percentage>90.88</percentage><sem>1</sem></ExamResult><ExamResult><dob>2000-07-28</dob><id>514</id><percentage>95.48</percentage><sem>1</sem></ExamResult><ExamResult><dob>2000-02-06</dob><id>521</id><percentage>94.43</percentage><sem>1</sem></ExamResult><ExamResult><dob>2000-03-08</dob><id>532</id><percentage>90.04</percentage><sem>1</sem></ExamResult><ExamResult><dob>2000-12-26</dob><id>537</id><percentage>93.29</percentage><sem>1</sem></ExamResult><ExamResult><dob>2000-12-06</dob><id>551</id><percentage>97.39</percentage><sem>1</sem></ExamResult><ExamResult><dob>2000-06-21</dob><id>563</id><percentage>95.35</percentage><sem>1</sem></ExamResult><ExamResult><dob>2000-04-26</dob><id>565</id><percentage>97.77</percentage><sem>1</sem></ExamResult><ExamResult><dob>2000-11-09</dob><id>569</id><percentage>91.38</percentage><sem>1</sem></ExamResult><ExamResult><dob>2000-09-17</dob><id>575</id><percentage>91.18</percentage><sem>1</sem></ExamResult><ExamResult><dob>2000-01-10</dob><id>594</id><percentage>97.05</percentage><sem>1</sem></ExamResult><ExamResult><dob>2000-10-09</dob><id>595</id><percentage>95.38</percentage><sem>1</sem></ExamResult><ExamResult><dob>2000-07-27</dob><id>602</id><percentage>96.36</percentage><sem>1</sem></ExamResult><ExamResult><dob>2000-11-26</dob><id>617</id><percentage>91.28</percentage><sem>1</sem></ExamResult><ExamResult><dob>2000-12-15</dob><id>628</id><percentage>97.92</percentage><sem>1</sem></ExamResult><ExamResult><dob>2000-01-20</dob><id>637</id><percentage>97.71</percentage><sem>1</sem></ExamResult><ExamResult><dob>2000-04-27</dob><id>645</id><percentage>96.02</percentage><sem>1</sem></ExamResult><ExamResult><dob>2000-12-20</dob><id>647</id><percentage>97.52</percentage><sem>1</sem></ExamResult><ExamResult><dob>2000-08-02</dob><id>659</id><percentage>93.75</percentage><sem>1</sem></ExamResult><ExamResult><dob>2000-03-06</dob><id>678</id><percentage>98.82</percentage><sem>1</sem></ExamResult><ExamResult><dob>2000-01-10</dob><id>680</id><percentage>98.43</percentage><sem>1</sem></ExamResult><ExamResult><dob>2000-02-16</dob><id>683</id><percentage>96.85</percentage><sem>1</sem></ExamResult><ExamResult><dob>2000-06-01</dob><id>701</id><percentage>99.14</percentage><sem>1</sem></ExamResult><ExamResult><dob>2000-08-09</dob><id>716</id><percentage>98.95</percentage><sem>1</sem></ExamResult><ExamResult><dob>2000-06-21</dob><id>732</id><percentage>97.92</percentage><sem>1</sem></ExamResult><ExamResult><dob>2000-11-15</dob><id>734</id><percentage>98.85</percentage><sem>1</sem></ExamResult><ExamResult><dob>2000-06-07</dob><id>741</id><percentage>99.28</percentage><sem>1</sem></ExamResult><ExamResult><dob>2000-05-15</dob><id>759</id><percentage>91.26</percentage><sem>1</sem></ExamResult><ExamResult><dob>2000-04-13</dob><id>779</id><percentage>95.52</percentage><sem>1</sem></ExamResult><ExamResult><dob>2000-02-19</dob><id>783</id><percentage>97.9</percentage><sem>1</sem></ExamResult><ExamResult><dob>2000-12-14</dob><id>791</id><percentage>92.69</percentage><sem>1</sem></ExamResult><ExamResult><dob>2000-04-05</dob><id>810</id><percentage>91.95</percentage><sem>1</sem></ExamResult><ExamResult><dob>2000-09-06</dob><id>813</id><percentage>92.37</percentage><sem>1</sem></ExamResult><ExamResult><dob>2000-04-13</dob><id>823</id><percentage>90.09</percentage><sem>1</sem></ExamResult><ExamResult><dob>2000-07-05</dob><id>830</id><percentage>96.42</percentage><sem>1</sem></ExamResult><ExamResult><dob>2000-10-13</dob><id>842</id><percentage>95.26</percentage><sem>1</sem></ExamResult><ExamResult><dob>2000-01-22</dob><id>849</id><percentage>93.87</percentage><sem>1</sem></ExamResult><ExamResult><dob>2000-12-27</dob><id>863</id><percentage>95.67</percentage><sem>1</sem></ExamResult><ExamResult><dob>2000-02-11</dob><id>870</id><percentage>99.28</percentage><sem>1</sem></ExamResult><ExamResult><dob>2000-01-28</dob><id>873</id><percentage>93.8</percentage><sem>1</sem></ExamResult><ExamResult><dob>2000-04-14</dob><id>883</id><percentage>99.81</percentage><sem>1</sem></ExamResult><ExamResult><dob>2000-04-30</dob><id>892</id><percentage>95.88</percentage><sem>1</sem></ExamResult><ExamResult><dob>2000-10-03</dob><id>908</id><percentage>98.77</percentage><sem>1</sem></ExamResult><ExamResult><dob>2000-01-05</dob><id>912</id><percentage>92.76</percentage><sem>1</sem></ExamResult><ExamResult><dob>2000-04-09</dob><id>918</id><percentage>98.31</percentage><sem>1</sem></ExamResult><ExamResult><dob>2000-03-29</dob><id>959</id><percentage>99.12</percentage><sem>1</sem></ExamResult><ExamResult><dob>2000-09-04</dob><id>972</id><percentage>95.05</percentage><sem>1</sem></ExamResult><ExamResult><dob>2000-09-02</dob><id>979</id><percentage>94.21</percentage><sem>1</sem></ExamResult><ExamResult><dob>2000-03-22</dob><id>985</id><percentage>90.14</percentage><sem>1</sem></ExamResult><ExamResult><dob>2000-08-04</dob><id>992</id><percentage>90.16</percentage><sem>1</sem></ExamResult><ExamResult><dob>2000-09-24</dob><id>993</id><percentage>95.56</percentage><sem>1</sem></ExamResult><ExamResult><dob>2000-08-27</dob><id>1005</id><percentage>97.64</percentage><sem>1</sem></ExamResult><ExamResult><dob>2000-09-06</dob><id>1010</id><percentage>98.43</percentage><sem>1</sem></ExamResult><ExamResult><dob>2000-04-25</dob><id>1023</id><percentage>94.17</percentage><sem>1</sem></ExamResult><ExamResult><dob>2000-10-04</dob><id>1024</id><percentage>96.92</percentage><sem>1</sem></ExamResult><ExamResult><dob>2000-07-26</dob><id>1025</id><percentage>93.96</percentage><sem>1</sem></ExamResult><ExamResult><dob>2000-12-25</dob><id>1028</id><percentage>91.74</percentage><sem>1</sem></ExamResult><ExamResult><dob>2000-09-15</dob><id>1031</id><percentage>99.14</percentage><sem>1</sem></ExamResult><ExamResult><dob>2000-08-01</dob><id>1034</id><percentage>90.85</percentage><sem>1</sem></ExamResult><ExamResult><dob>2000-10-14</dob><id>1049</id><percentage>93.12</percentage><sem>1</sem></ExamResult><ExamResult><dob>2000-11-01</dob><id>1054</id><percentage>91.8</percentage><sem>1</sem></ExamResult><ExamResult><dob>2000-01-27</dob><id>1058</id><percentage>92.87</percentage><sem>1</sem></ExamResult><ExamResult><dob>2000-04-21</dob><id>1062</id><percentage>99.29</percentage><sem>1</sem></ExamResult><ExamResult><dob>2000-05-22</dob><id>1072</id><percentage>91.23</percentage><sem>1</sem></ExamResult><ExamResult><dob>2000-02-11</dob><id>1075</id><percentage>92.64</percentage><sem>1</sem></ExamResult><ExamResult><dob>2000-08-07</dob><id>1077</id><percentage>90.97</percentage><sem>1</sem></ExamResult><ExamResult><dob>2000-10-19</dob><id>1079</id><percentage>97.6</percentage><sem>1</sem></ExamResult><ExamResult><dob>2000-12-15</dob><id>1089</id><percentage>99.58</percentage><sem>1</sem></ExamResult><ExamResult><dob>2000-01-10</dob><id>1110</id><percentage>90.97</percentage><sem>1</sem></ExamResult><ExamResult><dob>2000-05-01</dob><id>1137</id><percentage>91.46</percentage><sem>1</sem></ExamResult><ExamResult><dob>2000-02-02</dob><id>1157</id><percentage>95.57</percentage><sem>1</sem></ExamResult><ExamResult><dob>2000-11-17</dob><id>1170</id><percentage>94.55</percentage><sem>1</sem></ExamResult><ExamResult><dob>2000-07-10</dob><id>1182</id><percentage>90.53</percentage><sem>1</sem></ExamResult><ExamResult><dob>2000-04-22</dob><id>1195</id><percentage>94.18</percentage><sem>1</sem></ExamResult><ExamResult><dob>2000-02-02</dob><id>1199</id><percentage>96.65</percentage><sem>1</sem></ExamResult><ExamResult><dob>2000-07-24</dob><id>1200</id><percentage>90.78</percentage><sem>1</sem></ExamResult><ExamResult><dob>2000-01-17</dob><id>1225</id><percentage>98.68</percentage><sem>1</sem></ExamResult><ExamResult><dob>2000-08-14</dob><id>1235</id><percentage>90.23</percentage><sem>1</sem></ExamResult><ExamResult><dob>2000-05-21</dob><id>1245</id><percentage>95.77</percentage><sem>1</sem></ExamResult><ExamResult><dob>2000-05-04</dob><id>1247</id><percentage>98.26</percentage><sem>1</sem></ExamResult><ExamResult><dob>2000-09-02</dob><id>1254</id><percentage>91.53</percentage><sem>1</sem></ExamResult><ExamResult><dob>2000-11-25</dob><id>1267</id><percentage>94.5</percentage><sem>1</sem></ExamResult><ExamResult><dob>2000-08-13</dob><id>1287</id><percentage>90.46</percentage><sem>1</sem></ExamResult><ExamResult><dob>2000-07-27</dob><id>1313</id><percentage>95.28</percentage><sem>1</sem></ExamResult><ExamResult><dob>2000-05-25</dob><id>1326</id><percentage>95.35</percentage><sem>1</sem></ExamResult><ExamResult><dob>2000-02-18</dob><id>1343</id><percentage>93.77</percentage><sem>1</sem></ExamResult><ExamResult><dob>2000-09-11</dob><id>1348</id><percentage>90.23</percentage><sem>1</sem></ExamResult><ExamResult><dob>2000-04-17</dob><id>1356</id><percentage>90.12</percentage><sem>1</sem></ExamResult><ExamResult><dob>2000-09-15</dob><id>1369</id><percentage>96.11</percentage><sem>1</sem></ExamResult><ExamResult><dob>2000-06-30</dob><id>1371</id><percentage>96.46</percentage><sem>1</sem></ExamResult><ExamResult><dob>2000-01-28</dob><id>1379</id><percentage>97.7</percentage><sem>1</sem></ExamResult><ExamResult><dob>2000-05-14</dob><id>1395</id><percentage>95.63</percentage><sem>1</sem></ExamResult><ExamResult><dob>2000-01-24</dob><id>1405</id><percentage>91.78</percentage><sem>1</sem></ExamResult><ExamResult><dob>2000-09-20</dob><id>1408</id><percentage>93.78</percentage><sem>1</sem></ExamResult><ExamResult><dob>2000-06-23</dob><id>1410</id><percentage>96.15</percentage><sem>1</sem></ExamResult><ExamResult><dob>2000-05-15</dob><id>1411</id><percentage>97.35</percentage><sem>1</sem></ExamResult><ExamResult><dob>2000-04-30</dob><id>1414</id><percentage>93.42</percentage><sem>1</sem></ExamResult><ExamResult><dob>2000-02-20</dob><id>1417</id><percentage>98.2</percentage><sem>1</sem></ExamResult><ExamResult><dob>2000-01-22</dob><id>1436</id><percentage>98.05</percentage><sem>1</sem></ExamResult><ExamResult><dob>2000-04-17</dob><id>1448</id><percentage>99.45</percentage><sem>1</sem></ExamResult><ExamResult><dob>2000-11-10</dob><id>1457</id><percentage>96.03</percentage><sem>1</sem></ExamResult><ExamResult><dob>2000-10-22</dob><id>1479</id><percentage>97.55</percentage><sem>1</sem></ExamResult><ExamResult><dob>2000-05-19</dob><id>1498</id><percentage>90.85</percentage><sem>1</sem></ExamResult><ExamResult><dob>2000-05-25</dob><id>1518</id><percentage>90.02</percentage><sem>1</sem></ExamResult><ExamResult><dob>2000-04-27</dob><id>1526</id><percentage>95.52</percentage><sem>1</sem></ExamResult><ExamResult><dob>2000-02-09</dob><id>1544</id><percentage>96.59</percentage><sem>1</sem></ExamResult><ExamResult><dob>2000-06-13</dob><id>1553</id><percentage>94.01</percentage><sem>1</sem></ExamResult><ExamResult><dob>2000-05-06</dob><id>1554</id><percentage>91.36</percentage><sem>1</sem></ExamResult><ExamResult><dob>2000-02-03</dob><id>1559</id><percentage>98.5</percentage><sem>1</sem></ExamResult><ExamResult><dob>2000-09-02</dob><id>1565</id><percentage>91.0</percentage><sem>1</sem></ExamResult><ExamResult><dob>2000-07-13</dob><id>1566</id><percentage>93.29</percentage><sem>1</sem></ExamResult><ExamResult><dob>2000-09-15</dob><id>1602</id><percentage>96.68</percentage><sem>1</sem></ExamResult><ExamResult><dob>2000-01-08</dob><id>1625</id><percentage>98.25</percentage><sem>1</sem></ExamResult><ExamResult><dob>2000-08-12</dob><id>1640</id><percentage>91.78</percentage><sem>1</sem></ExamResult><ExamResult><dob>2000-09-28</dob><id>1641</id><percentage>96.45</percentage><sem>1</sem></ExamResult><ExamResult><dob>2000-11-07</dob><id>1653</id><percentage>99.6</percentage><sem>1</sem></ExamResult><ExamResult><dob>2000-04-01</dob><id>1655</id><percentage>94.61</percentage><sem>1</sem></ExamResult><ExamResult><dob>2000-03-23</dob><id>1665</id><percentage>90.47</percentage><sem>1</sem></ExamResult><ExamResult><dob>2000-02-07</dob><id>1667</id><percentage>92.1</percentage><sem>1</sem></ExamResult><ExamResult><dob>2000-08-26</dob><id>1679</id><percentage>99.6</percentage><sem>1</sem></ExamResult><ExamResult><dob>2000-09-08</dob><id>1687</id><percentage>98.32</percentage><sem>1</sem></ExamResult><ExamResult><dob>2000-03-18</dob><id>1694</id><percentage>92.88</percentage><sem>1</sem></ExamResult><ExamResult><dob>2000-09-11</dob><id>1704</id><percentage>98.12</percentage><sem>1</sem></ExamResult><ExamResult><dob>2000-11-08</dob><id>1709</id><percentage>93.52</percentage><sem>1</sem></ExamResult><ExamResult><dob>2000-09-14</dob><id>1725</id><percentage>99.12</percentage><sem>1</sem></ExamResult><ExamResult><dob>2000-01-25</dob><id>1730</id><percentage>93.53</percentage><sem>1</sem></ExamResult><ExamResult><dob>2000-08-02</dob><id>1749</id><percentage>98.12</percentage><sem>1</sem></ExamResult><ExamResult><dob>2000-01-20</dob><id>1763</id><percentage>96.56</percentage><sem>1</sem></ExamResult><ExamResult><dob>2000-09-14</dob><id>1770</id><percentage>96.4</percentage><sem>1</sem></ExamResult><ExamResult><dob>2000-11-19</dob><id>1775</id><percentage>99.89</percentage><sem>1</sem></ExamResult><ExamResult><dob>2000-04-22</dob><id>1779</id><percentage>95.39</percentage><sem>1</sem></ExamResult><ExamResult><dob>2000-10-01</dob><id>1787</id><percentage>92.11</percentage><sem>1</sem></ExamResult><ExamResult><dob>2000-05-07</dob><id>1788</id><percentage>97.56</percentage><sem>1</sem></ExamResult><ExamResult><dob>2000-12-04</dob><id>1800</id><percentage>95.67</percentage><sem>1</sem></ExamResult><ExamResult><dob>2000-09-04</dob><id>1802</id><percentage>98.44</percentage><sem>1</sem></ExamResult><ExamResult><dob>2000-08-26</dob><id>1825</id><percentage>94.09</percentage><sem>1</sem></ExamResult><ExamResult><dob>2000-04-07</dob><id>1833</id><percentage>95.38</percentage><sem>1</sem></ExamResult><ExamResult><dob>2000-12-18</dob><id>1834</id><percentage>97.29</percentage><sem>1</sem></ExamResult><ExamResult><dob>2000-12-17</dob><id>1835</id><percentage>90.09</percentage><sem>1</sem></ExamResult><ExamResult><dob>2000-10-28</dob><id>1847</id><percentage>91.64</percentage><sem>1</sem></ExamResult><ExamResult><dob>2000-12-21</dob><id>1850</id><percentage>94.26</percentage><sem>1</sem></ExamResult><ExamResult><dob>2000-08-22</dob><id>1867</id><percentage>93.01</percentage><sem>1</sem></ExamResult><ExamResult><dob>2000-10-05</dob><id>1873</id><percentage>94.8</percentage><sem>1</sem></ExamResult><ExamResult><dob>2000-07-30</dob><id>1896</id><percentage>91.44</percentage><sem>1</sem></ExamResult><ExamResult><dob>2000-03-30</dob><id>1933</id><percentage>98.22</percentage><sem>1</sem></ExamResult><ExamResult><dob>2000-03-05</dob><id>1934</id><percentage>93.32</percentage><sem>1</sem></ExamResult><ExamResult><dob>2000-02-22</dob><id>1941</id><percentage>93.52</percentage><sem>1</sem></ExamResult><ExamResult><dob>2000-04-07</dob><id>1944</id><percentage>96.21</percentage><sem>1</sem></ExamResult><ExamResult><dob>2000-04-03</dob><id>1959</id><percentage>90.64</percentage><sem>1</sem></ExamResult><ExamResult><dob>2000-04-16</dob><id>1982</id><percentage>93.88</percentage><sem>1</sem></ExamResult><ExamResult><dob>2000-01-21</dob><id>1988</id><percentage>90.42</percentage><sem>1</sem></ExamResult><ExamResult><dob>2000-02-08</dob><id>2003</id><percentage>98.9</percentage><sem>1</sem></ExamResult><ExamResult><dob>2000-06-25</dob><id>2019</id><percentage>98.3</percentage><sem>1</sem></ExamResult><ExamResult><dob>2000-01-11</dob><id>2027</id><percentage>97.17</percentage><sem>1</sem></ExamResult><ExamResult><dob>2000-10-08</dob><id>2028</id><percentage>94.35</percentage><sem>1</sem></ExamResult><ExamResult><dob>2000-09-11</dob><id>2030</id><percentage>93.72</percentage><sem>1</sem></ExamResult><ExamResult><dob>2000-09-05</dob><id>2036</id><percentage>93.77</percentage><sem>1</sem></ExamResult><ExamResult><dob>2000-04-09</dob><id>2045</id><percentage>93.85</percentage><sem>1</sem></ExamResult><ExamResult><dob>2000-10-03</dob><id>2057</id><percentage>94.74</percentage><sem>1</sem></ExamResult><ExamResult><dob>2000-06-21</dob><id>2076</id><percentage>94.44</percentage><sem>1</sem></ExamResult><ExamResult><dob>2000-06-15</dob><id>2104</id><percentage>92.59</percentage><sem>1</sem></ExamResult><ExamResult><dob>2000-02-15</dob><id>2112</id><percentage>92.0</percentage><sem>1</sem></ExamResult><ExamResult><dob>2000-02-26</dob><id>2123</id><percentage>98.69</percentage><sem>1</sem></ExamResult><ExamResult><dob>2000-07-10</dob><id>2133</id><percentage>90.17</percentage><sem>1</sem></ExamResult><ExamResult><dob>2000-12-06</dob><id>2134</id><percentage>95.51</percentage><sem>1</sem></ExamResult><ExamResult><dob>2000-02-04</dob><id>2159</id><percentage>90.15</percentage><sem>1</sem></ExamResult><ExamResult><dob>2000-10-31</dob><id>2169</id><percentage>92.77</percentage><sem>1</sem></ExamResult><ExamResult><dob>2000-02-21</dob><id>2170</id><percentage>91.73</percentage><sem>1</sem></ExamResult><ExamResult><dob>2000-04-05</dob><id>2177</id><percentage>98.47</percentage><sem>1</sem></ExamResult><ExamResult><dob>2000-01-11</dob><id>2186</id><percentage>98.0</percentage><sem>1</sem></ExamResult><ExamResult><dob>2000-04-13</dob><id>2188</id><percentage>97.88</percentage><sem>1</sem></ExamResult><ExamResult><dob>2000-08-23</dob><id>2194</id><percentage>99.06</percentage><sem>1</sem></ExamResult><ExamResult><dob>2000-05-03</dob><id>2199</id><percentage>95.88</percentage><sem>1</sem></ExamResult><ExamResult><dob>2000-08-02</dob><id>2211</id><percentage>95.44</percentage><sem>1</sem></ExamResult><ExamResult><dob>2000-08-20</dob><id>2229</id><percentage>94.25</percentage><sem>1</sem></ExamResult><ExamResult><dob>2000-06-03</dob><id>2234</id><percentage>99.09</percentage><sem>1</sem></ExamResult><ExamResult><dob>2000-02-28</dob><id>2266</id><percentage>93.84</percentage><sem>1</sem></ExamResult><ExamResult><dob>2000-02-12</dob><id>2299</id><percentage>93.13</percentage><sem>1</sem></ExamResult><ExamResult><dob>2000-01-06</dob><id>2335</id><percentage>93.98</percentage><sem>1</sem></ExamResult><ExamResult><dob>2000-11-16</dob><id>2343</id><percentage>95.13</percentage><sem>1</sem></ExamResult><ExamResult><dob>2000-01-05</dob><id>2360</id><percentage>99.6</percentage><sem>1</sem></ExamResult><ExamResult><dob>2000-02-17</dob><id>2370</id><percentage>92.37</percentage><sem>1</sem></ExamResult><ExamResult><dob>2000-11-06</dob><id>2389</id><percentage>94.67</percentage><sem>1</sem></ExamResult><ExamResult><dob>2000-01-05</dob><id>2403</id><percentage>94.43</percentage><sem>1</sem></ExamResult><ExamResult><dob>2000-05-25</dob><id>2407</id><percentage>94.06</percentage><sem>1</sem></ExamResult><ExamResult><dob>2000-04-05</dob><id>2424</id><percentage>99.29</percentage><sem>1</sem></ExamResult><ExamResult><dob>2000-03-05</dob><id>2425</id><percentage>90.86</percentage><sem>1</sem></ExamResult><ExamResult><dob>2000-06-03</dob><id>2428</id><percentage>97.17</percentage><sem>1</sem></ExamResult><ExamResult><dob>2000-06-20</dob><id>2442</id><percentage>93.84</percentage><sem>1</sem></ExamResult><ExamResult><dob>2000-12-07</dob><id>2463</id><percentage>97.21</percentage><sem>1</sem></ExamResult><ExamResult><dob>2000-08-03</dob><id>2465</id><percentage>90.4</percentage><sem>1</sem></ExamResult><ExamResult><dob>2000-05-19</dob><id>2469</id><percentage>95.64</percentage><sem>1</sem></ExamResult><ExamResult><dob>2000-08-16</dob><id>2473</id><percentage>93.07</percentage><sem>1</sem></ExamResult><ExamResult><dob>2000-01-25</dob><id>2480</id><percentage>98.3</percentage><sem>1</sem></ExamResult><ExamResult><dob>2000-12-27</dob><id>2498</id><percentage>93.88</percentage><sem>1</sem></ExamResult><ExamResult><dob>2000-08-27</dob><id>2524</id><percentage>98.56</percentage><sem>1</sem></ExamResult><ExamResult><dob>2000-01-31</dob><id>2531</id><percentage>96.17</percentage><sem>1</sem></ExamResult><ExamResult><dob>2000-07-23</dob><id>2532</id><percentage>91.27</percentage><sem>1</sem></ExamResult><ExamResult><dob>2000-02-04</dob><id>2544</id><percentage>98.24</percentage><sem>1</sem></ExamResult><ExamResult><dob>2000-07-21</dob><id>2573</id><percentage>91.27</percentage><sem>1</sem></ExamResult><ExamResult><dob>2000-01-10</dob><id>2575</id><percentage>90.07</percentage><sem>1</sem></ExamResult><ExamResult><dob>2000-08-08</dob><id>2581</id><percentage>98.23</percentage><sem>1</sem></ExamResult><ExamResult><dob>2000-07-12</dob><id>2583</id><percentage>94.88</percentage><sem>1</sem></ExamResult><ExamResult><dob>2000-02-25</dob><id>2584</id><percentage>91.61</percentage><sem>1</sem></ExamResult><ExamResult><dob>2000-01-31</dob><id>2616</id><percentage>98.67</percentage><sem>1</sem></ExamResult><ExamResult><dob>2000-02-27</dob><id>2644</id><percentage>95.7</percentage><sem>1</sem></ExamResult><ExamResult><dob>2000-04-02</dob><id>2655</id><percentage>98.34</percentage><sem>1</sem></ExamResult><ExamResult><dob>2000-01-14</dob><id>2672</id><percentage>94.42</percentage><sem>1</sem></ExamResult><ExamResult><dob>2000-03-25</dob><id>2700</id><percentage>95.31</percentage><sem>1</sem></ExamResult><ExamResult><dob>2000-08-24</dob><id>2708</id><percentage>96.01</percentage><sem>1</sem></ExamResult><ExamResult><dob>2000-11-14</dob><id>2716</id><percentage>96.85</percentage><sem>1</sem></ExamResult><ExamResult><dob>2000-06-24</dob><id>2729</id><percentage>97.6</percentage><sem>1</sem></ExamResult><ExamResult><dob>2000-12-08</dob><id>2731</id><percentage>94.42</percentage><sem>1</sem></ExamResult><ExamResult><dob>2000-04-13</dob><id>2745</id><percentage>93.62</percentage><sem>1</sem></ExamResult><ExamResult><dob>2000-03-14</dob><id>2747</id><percentage>99.11</percentage><sem>1</sem></ExamResult><ExamResult><dob>2000-11-02</dob><id>2766</id><percentage>94.01</percentage><sem>1</sem></ExamResult><ExamResult><dob>2000-07-20</dob><id>2770</id><percentage>94.5</percentage><sem>1</sem></ExamResult><ExamResult><dob>2000-05-29</dob><id>2782</id><percentage>94.44</percentage><sem>1</sem></ExamResult><ExamResult><dob>2000-03-10</dob><id>2785</id><percentage>94.14</percentage><sem>1</sem></ExamResult><ExamResult><dob>2000-04-06</dob><id>2807</id><percentage>91.06</percentage><sem>1</sem></ExamResult><ExamResult><dob>2000-12-21</dob><id>2822</id><percentage>93.35</percentage><sem>1</sem></ExamResult><ExamResult><dob>2000-09-28</dob><id>2823</id><percentage>91.64</percentage><sem>1</sem></ExamResult><ExamResult><dob>2000-12-28</dob><id>2825</id><percentage>93.28</percentage><sem>1</sem></ExamResult><ExamResult><dob>2000-02-11</dob><id>2844</id><percentage>94.97</percentage><sem>1</sem></ExamResult><ExamResult><dob>2000-04-10</dob><id>2858</id><percentage>98.25</percentage><sem>1</sem></ExamResult><ExamResult><dob>2000-12-07</dob><id>2900</id><percentage>90.86</percentage><sem>1</sem></ExamResult><ExamResult><dob>2000-09-27</dob><id>2901</id><percentage>97.51</percentage><sem>1</sem></ExamResult><ExamResult><dob>2000-12-05</dob><id>2917</id><percentage>96.65</percentage><sem>1</sem></ExamResult><ExamResult><dob>2000-07-31</dob><id>2939</id><percentage>92.71</percentage><sem>1</sem></ExamResult><ExamResult><dob>2000-09-15</dob><id>2949</id><percentage>96.62</percentage><sem>1</sem></ExamResult><ExamResult><dob>2000-06-09</dob><id>2952</id><percentage>95.94</percentage><sem>1</sem></ExamResult><ExamResult><dob>2000-02-13</dob><id>2955</id><percentage>99.27</percentage><sem>1</sem></ExamResult><ExamResult><dob>2000-06-04</dob><id>2957</id><percentage>97.98</percentage><sem>1</sem></ExamResult><ExamResult><dob>2000-03-07</dob><id>2960</id><percentage>93.07</percentage><sem>1</sem></ExamResult><ExamResult><dob>2000-01-30</dob><id>2965</id><percentage>94.63</percentage><sem>1</sem></ExamResult><ExamResult><dob>2000-09-01</dob><id>2975</id><percentage>91.22</percentage><sem>1</sem></ExamResult><ExamResult><dob>2000-10-07</dob><id>2979</id><percentage>95.14</percentage><sem>1</sem></ExamResult><ExamResult><dob>2000-10-15</dob><id>2997</id><percentage>94.83</percentage><sem>1</sem></ExamResult><ExamResult><dob>2000-10-25</dob><id>3017</id><percentage>98.32</percentage><sem>1</sem></ExamResult><ExamResult><dob>2000-05-01</dob><id>3025</id><percentage>98.77</percentage><sem>1</sem></ExamResult><ExamResult><dob>2000-01-28</dob><id>3032</id><percentage>97.62</percentage><sem>1</sem></ExamResult><ExamResult><dob>2000-05-09</dob><id>3036</id><percentage>94.98</percentage><sem>1</sem></ExamResult><ExamResult><dob>2000-03-18</dob><id>3045</id><percentage>96.2</percentage><sem>1</sem></ExamResult><ExamResult><dob>2000-03-03</dob><id>3046</id><percentage>97.56</percentage><sem>1</sem></ExamResult><ExamResult><dob>2000-04-23</dob><id>3048</id><percentage>91.94</percentage><sem>1</sem></ExamResult><ExamResult><dob>2000-03-17</dob><id>3055</id><percentage>91.52</percentage><sem>1</sem></ExamResult><ExamResult><dob>2000-12-12</dob><id>3056</id><percentage>99.71</percentage><sem>1</sem></ExamResult><ExamResult><dob>2000-06-04</dob><id>3062</id><percentage>92.69</percentage><sem>1</sem></ExamResult><ExamResult><dob>2000-05-09</dob><id>3063</id><percentage>99.73</percentage><sem>1</sem></ExamResult><ExamResult><dob>2000-09-18</dob><id>3091</id><percentage>97.91</percentage><sem>1</sem></ExamResult><ExamResult><dob>2000-07-27</dob><id>3099</id><percentage>96.76</percentage><sem>1</sem></ExamResult><ExamResult><dob>2000-08-22</dob><id>3108</id><percentage>93.81</percentage><sem>1</sem></ExamResult><ExamResult><dob>2000-10-23</dob><id>3110</id><percentage>98.74</percentage><sem>1</sem></ExamResult><ExamResult><dob>2000-09-21</dob><id>3118</id><percentage>90.44</percentage><sem>1</sem></ExamResult><ExamResult><dob>2000-05-28</dob><id>3123</id><percentage>99.84</percentage><sem>1</sem></ExamResult><ExamResult><dob>2000-12-26</dob><id>3131</id><percentage>93.1</percentage><sem>1</sem></ExamResult><ExamResult><dob>2000-12-06</dob><id>3134</id><percentage>91.47</percentage><sem>1</sem></ExamResult><ExamResult><dob>2000-09-03</dob><id>3138</id><percentage>98.37</percentage><sem>1</sem></ExamResult><ExamResult><dob>2000-08-12</dob><id>3160</id><percentage>96.78</percentage><sem>1</sem></ExamResult><ExamResult><dob>2000-05-11</dob><id>3170</id><percentage>97.64</percentage><sem>1</sem></ExamResult><ExamResult><dob>2000-05-02</dob><id>3175</id><percentage>98.46</percentage><sem>1</sem></ExamResult><ExamResult><dob>2000-07-09</dob><id>3187</id><percentage>99.26</percentage><sem>1</sem></ExamResult><ExamResult><dob>2000-01-12</dob><id>3195</id><percentage>92.89</percentage><sem>1</sem></ExamResult><ExamResult><dob>2000-07-18</dob><id>3196</id><percentage>94.59</percentage><sem>1</sem></ExamResult><ExamResult><dob>2000-08-21</dob><id>3200</id><percentage>96.11</percentage><sem>1</sem></ExamResult><ExamResult><dob>2000-10-21</dob><id>3211</id><percentage>99.59</percentage><sem>1</sem></ExamResult><ExamResult><dob>2000-12-25</dob><id>3233</id><percentage>98.72</percentage><sem>1</sem></ExamResult><ExamResult><dob>2000-12-22</dob><id>3234</id><percentage>92.75</percentage><sem>1</sem></ExamResult><ExamResult><dob>2000-11-20</dob><id>3242</id><percentage>99.33</percentage><sem>1</sem></ExamResult><ExamResult><dob>2000-04-22</dob><id>3247</id><percentage>90.55</percentage><sem>1</sem></ExamResult><ExamResult><dob>2000-10-10</dob><id>3249</id><percentage>92.72</percentage><sem>1</sem></ExamResult><ExamResult><dob>2000-09-17</dob><id>3277</id><percentage>90.61</percentage><sem>1</sem></ExamResult><ExamResult><dob>2000-12-04</dob><id>3279</id><percentage>97.94</percentage><sem>1</sem></ExamResult><ExamResult><dob>2000-08-05</dob><id>3295</id><percentage>94.27</percentage><sem>1</sem></ExamResult><ExamResult><dob>2000-04-14</dob><id>3306</id><percentage>98.51</percentage><sem>1</sem></ExamResult><ExamResult><dob>2000-02-15</dob><id>3320</id><percentage>94.97</percentage><sem>1</sem></ExamResult><ExamResult><dob>2000-09-06</dob><id>3334</id><percentage>99.5</percentage><sem>1</sem></ExamResult><ExamResult><dob>2000-02-17</dob><id>3343</id><percentage>91.82</percentage><sem>1</sem></ExamResult><ExamResult><dob>2000-01-13</dob><id>3350</id><percentage>94.27</percentage><sem>1</sem></ExamResult><ExamResult><dob>2000-08-17</dob><id>3358</id><percentage>98.11</percentage><sem>1</sem></ExamResult><ExamResult><dob>2000-12-03</dob><id>3380</id><percentage>92.72</percentage><sem>1</sem></ExamResult><ExamResult><dob>2000-05-16</dob><id>3398</id><percentage>98.78</percentage><sem>1</sem></ExamResult><ExamResult><dob>2000-12-10</dob><id>3408</id><percentage>99.5</percentage><sem>1</sem></ExamResult><ExamResult><dob>2000-06-21</dob><id>3411</id><percentage>92.16</percentage><sem>1</sem></ExamResult><ExamResult><dob>2000-08-31</dob><id>3422</id><percentage>91.29</percentage><sem>1</sem></ExamResult><ExamResult><dob>2000-09-16</dob><id>3442</id><percentage>93.69</percentage><sem>1</sem></ExamResult><ExamResult><dob>2000-07-19</dob><id>3443</id><percentage>93.65</percentage><sem>1</sem></ExamResult><ExamResult><dob>2000-03-06</dob><id>3464</id><percentage>90.59</percentage><sem>1</sem></ExamResult><ExamResult><dob>2000-01-31</dob><id>3472</id><percentage>99.13</percentage><sem>1</sem></ExamResult><ExamResult><dob>2000-04-01</dob><id>3482</id><percentage>98.14</percentage><sem>1</sem></ExamResult><ExamResult><dob>2000-01-19</dob><id>3514</id><percentage>95.8</percentage><sem>1</sem></ExamResult><ExamResult><dob>2000-07-18</dob><id>3519</id><percentage>91.55</percentage><sem>1</sem></ExamResult><ExamResult><dob>2000-12-09</dob><id>3520</id><percentage>96.51</percentage><sem>1</sem></ExamResult><ExamResult><dob>2000-03-22</dob><id>3526</id><percentage>92.36</percentage><sem>1</sem></ExamResult><ExamResult><dob>2000-12-11</dob><id>3527</id><percentage>96.8</percentage><sem>1</sem></ExamResult><ExamResult><dob>2000-04-26</dob><id>3537</id><percentage>95.33</percentage><sem>1</sem></ExamResult><ExamResult><dob>2000-01-16</dob><id>3557</id><percentage>97.07</percentage><sem>1</sem></ExamResult><ExamResult><dob>2000-02-07</dob><id>3570</id><percentage>99.07</percentage><sem>1</sem></ExamResult><ExamResult><dob>2000-01-21</dob><id>3575</id><percentage>95.15</percentage><sem>1</sem></ExamResult><ExamResult><dob>2000-06-20</dob><id>3579</id><percentage>90.78</percentage><sem>1</sem></ExamResult><ExamResult><dob>2000-02-18</dob><id>3580</id><percentage>93.72</percentage><sem>1</sem></ExamResult><ExamResult><dob>2000-04-29</dob><id>3585</id><percentage>94.07</percentage><sem>1</sem></ExamResult><ExamResult><dob>2000-12-28</dob><id>3589</id><percentage>93.15</percentage><sem>1</sem></ExamResult><ExamResult><dob>2000-10-19</dob><id>3600</id><percentage>92.85</percentage><sem>1</sem></ExamResult><ExamResult><dob>2000-07-04</dob><id>3604</id><percentage>96.82</percentage><sem>1</sem></ExamResult><ExamResult><dob>2000-10-03</dob><id>3631</id><percentage>94.3</percentage><sem>1</sem></ExamResult><ExamResult><dob>2000-05-01</dob><id>3649</id><percentage>95.35</percentage><sem>1</sem></ExamResult><ExamResult><dob>2000-10-06</dob><id>3650</id><percentage>96.92</percentage><sem>1</sem></ExamResult><ExamResult><dob>2000-11-01</dob><id>3655</id><percentage>98.95</percentage><sem>1</sem></ExamResult><ExamResult><dob>2000-04-05</dob><id>3660</id><percentage>94.88</percentage><sem>1</sem></ExamResult><ExamResult><dob>2000-12-16</dob><id>3661</id><percentage>95.58</percentage><sem>1</sem></ExamResult><ExamResult><dob>2000-01-09</dob><id>3672</id><percentage>98.39</percentage><sem>1</sem></ExamResult><ExamResult><dob>2000-03-16</dob><id>3676</id><percentage>90.82</percentage><sem>1</sem></ExamResult><ExamResult><dob>2000-11-01</dob><id>3683</id><percentage>92.41</percentage><sem>1</sem></ExamResult><ExamResult><dob>2000-06-12</dob><id>3688</id><percentage>99.45</percentage><sem>1</sem></ExamResult><ExamResult><dob>2000-11-21</dob><id>3690</id><percentage>99.28</percentage><sem>1</sem></ExamResult><ExamResult><dob>2000-06-22</dob><id>3692</id><percentage>97.47</percentage><sem>1</sem></ExamResult><ExamResult><dob>2000-02-29</dob><id>3694</id><percentage>91.95</percentage><sem>1</sem></ExamResult><ExamResult><dob>2000-01-31</dob><id>3700</id><percentage>96.9</percentage><sem>1</sem></ExamResult><ExamResult><dob>2000-05-04</dob><id>3711</id><percentage>91.54</percentage><sem>1</sem></ExamResult><ExamResult><dob>2000-11-13</dob><id>3720</id><percentage>92.28</percentage><sem>1</sem></ExamResult><ExamResult><dob>2000-11-27</dob><id>3732</id><percentage>92.15</percentage><sem>1</sem></ExamResult><ExamResult><dob>2000-07-03</dob><id>3742</id><percentage>93.72</percentage><sem>1</sem></ExamResult><ExamResult><dob>2000-09-13</dob><id>3746</id><percentage>98.23</percentage><sem>1</sem></ExamResult><ExamResult><dob>2000-01-31</dob><id>3779</id><percentage>97.04</percentage><sem>1</sem></ExamResult><ExamResult><dob>2000-07-16</dob><id>3794</id><percentage>97.8</percentage><sem>1</sem></ExamResult><ExamResult><dob>2000-11-15</dob><id>3800</id><percentage>96.43</percentage><sem>1</sem></ExamResult><ExamResult><dob>2000-11-01</dob><id>3802</id><percentage>92.99</percentage><sem>1</sem></ExamResult><ExamResult><dob>2000-02-20</dob><id>3803</id><percentage>90.55</percentage><sem>1</sem></ExamResult><ExamResult><dob>2000-08-30</dob><id>3814</id><percentage>97.04</percentage><sem>1</sem></ExamResult><ExamResult><dob>2000-02-04</dob><id>3832</id><percentage>90.69</percentage><sem>1</sem></ExamResult><ExamResult><dob>2000-12-04</dob><id>3859</id><percentage>93.74</percentage><sem>1</sem></ExamResult><ExamResult><dob>2000-10-22</dob><id>3861</id><percentage>93.2</percentage><sem>1</sem></ExamResult><ExamResult><dob>2000-06-28</dob><id>3868</id><percentage>92.26</percentage><sem>1</sem></ExamResult><ExamResult><dob>2000-02-20</dob><id>3869</id><percentage>92.93</percentage><sem>1</sem></ExamResult><ExamResult><dob>2000-12-27</dob><id>3877</id><percentage>91.85</percentage><sem>1</sem></ExamResult><ExamResult><dob>2000-04-20</dob><id>3897</id><percentage>97.44</percentage><sem>1</sem></ExamResult><ExamResult><dob>2000-08-10</dob><id>3900</id><percentage>90.38</percentage><sem>1</sem></ExamResult><ExamResult><dob>2000-09-07</dob><id>3911</id><percentage>98.54</percentage><sem>1</sem></ExamResult><ExamResult><dob>2000-01-13</dob><id>3921</id><percentage>95.65</percentage><sem>1</sem></ExamResult><ExamResult><dob>2000-12-30</dob><id>3924</id><percentage>94.43</percentage><sem>1</sem></ExamResult><ExamResult><dob>2000-06-24</dob><id>3933</id><percentage>91.4</percentage><sem>1</sem></ExamResult><ExamResult><dob>2000-03-05</dob><id>3960</id><percentage>100.0</percentage><sem>1</sem></ExamResult><ExamResult><dob>2000-11-16</dob><id>3969</id><percentage>90.29</percentage><sem>1</sem></ExamResult><ExamResult><dob>2000-04-13</dob><id>3972</id><percentage>91.55</percentage><sem>1</sem></ExamResult><ExamResult><dob>2000-06-09</dob><id>3980</id><percentage>99.39</percentage><sem>1</sem></ExamResult><ExamResult><dob>2000-02-16</dob><id>3991</id><percentage>94.56</percentage><sem>1</sem></ExamResult><ExamResult><dob>2000-05-07</dob><id>3992</id><percentage>90.41</percentage><sem>1</sem></ExamResult><ExamResult><dob>2000-01-24</dob><id>4009</id><percentage>94.95</percentage><sem>1</sem></ExamResult><ExamResult><dob>2000-07-20</dob><id>4010</id><percentage>91.18</percentage><sem>1</sem></ExamResult><ExamResult><dob>2000-03-06</dob><id>4018</id><percentage>99.51</percentage><sem>1</sem></ExamResult><ExamResult><dob>2000-08-13</dob><id>4025</id><percentage>94.77</percentage><sem>1</sem></ExamResult><ExamResult><dob>2000-08-22</dob><id>4047</id><percentage>92.27</percentage><sem>1</sem></ExamResult><ExamResult><dob>2000-12-22</dob><id>4054</id><percentage>90.85</percentage><sem>1</sem></ExamResult><ExamResult><dob>2000-06-30</dob><id>4063</id><percentage>93.43</percentage><sem>1</sem></ExamResult><ExamResult><dob>2000-12-29</dob><id>4071</id><percentage>95.41</percentage><sem>1</sem></ExamResult><ExamResult><dob>2000-07-04</dob><id>4100</id><percentage>94.29</percentage><sem>1</sem></ExamResult><ExamResult><dob>2000-03-31</dob><id>4127</id><percentage>97.66</percentage><sem>1</sem></ExamResult><ExamResult><dob>2000-03-18</dob><id>4144</id><percentage>90.81</percentage><sem>1</sem></ExamResult><ExamResult><dob>2000-09-01</dob><id>4168</id><percentage>98.38</percentage><sem>1</sem></ExamResult><ExamResult><dob>2000-03-12</dob><id>4172</id><percentage>93.0</percentage><sem>1</sem></ExamResult><ExamResult><dob>2000-02-25</dob><id>4177</id><percentage>90.77</percentage><sem>1</sem></ExamResult><ExamResult><dob>2000-09-03</dob><id>4187</id><percentage>93.35</percentage><sem>1</sem></ExamResult><ExamResult><dob>2000-10-15</dob><id>4190</id><percentage>93.81</percentage><sem>1</sem></ExamResult><ExamResult><dob>2000-01-03</dob><id>4193</id><percentage>93.03</percentage><sem>1</sem></ExamResult><ExamResult><dob>2000-01-10</dob><id>4195</id><percentage>96.6</percentage><sem>1</sem></ExamResult><ExamResult><dob>2000-02-13</dob><id>4197</id><percentage>96.56</percentage><sem>1</sem></ExamResult><ExamResult><dob>2000-11-12</dob><id>4199</id><percentage>97.08</percentage><sem>1</sem></ExamResult><ExamResult><dob>2000-08-21</dob><id>4217</id><percentage>93.59</percentage><sem>1</sem></ExamResult><ExamResult><dob>2000-10-04</dob><id>4218</id><percentage>99.53</percentage><sem>1</sem></ExamResult><ExamResult><dob>2000-04-06</dob><id>4225</id><percentage>95.98</percentage><sem>1</sem></ExamResult><ExamResult><dob>2000-12-28</dob><id>4248</id><percentage>94.11</percentage><sem>1</sem></ExamResult><ExamResult><dob>2000-07-12</dob><id>4253</id><percentage>94.0</percentage><sem>1</sem></ExamResult><ExamResult><dob>2000-01-06</dob><id>4271</id><percentage>92.39</percentage><sem>1</sem></ExamResult><ExamResult><dob>2000-05-22</dob><id>4297</id><percentage>96.48</percentage><sem>1</sem></ExamResult><ExamResult><dob>2000-02-23</dob><id>4302</id><percentage>98.89</percentage><sem>1</sem></ExamResult><ExamResult><dob>2000-12-10</dob><id>4308</id><percentage>96.33</percentage><sem>1</sem></ExamResult><ExamResult><dob>2000-07-06</dob><id>4332</id><percentage>98.23</percentage><sem>1</sem></ExamResult><ExamResult><dob>2000-05-16</dob><id>4333</id><percentage>92.55</percentage><sem>1</sem></ExamResult><ExamResult><dob>2000-08-01</dob><id>4338</id><percentage>98.96</percentage><sem>1</sem></ExamResult><ExamResult><dob>2000-12-11</dob><id>4341</id><percentage>94.46</percentage><sem>1</sem></ExamResult><ExamResult><dob>2000-12-18</dob><id>4345</id><percentage>96.14</percentage><sem>1</sem></ExamResult><ExamResult><dob>2000-07-29</dob><id>4351</id><percentage>96.9</percentage><sem>1</sem></ExamResult><ExamResult><dob>2000-08-04</dob><id>4354</id><percentage>94.12</percentage><sem>1</sem></ExamResult><ExamResult><dob>2000-04-14</dob><id>4356</id><percentage>98.99</percentage><sem>1</sem></ExamResult><ExamResult><dob>2000-12-10</dob><id>4363</id><percentage>99.84</percentage><sem>1</sem></ExamResult><ExamResult><dob>2000-02-15</dob><id>4370</id><percentage>95.73</percentage><sem>1</sem></ExamResult><ExamResult><dob>2000-09-09</dob><id>4382</id><percentage>95.6</percentage><sem>1</sem></ExamResult><ExamResult><dob>2000-10-02</dob><id>4385</id><percentage>92.45</percentage><sem>1</sem></ExamResult><ExamResult><dob>2000-01-03</dob><id>4387</id><percentage>99.06</percentage><sem>1</sem></ExamResult><ExamResult><dob>2000-01-15</dob><id>4392</id><percentage>95.45</percentage><sem>1</sem></ExamResult><ExamResult><dob>2000-08-09</dob><id>4414</id><percentage>90.6</percentage><sem>1</sem></ExamResult><ExamResult><dob>2000-03-19</dob><id>4457</id><percentage>99.94</percentage><sem>1</sem></ExamResult><ExamResult><dob>2000-11-06</dob><id>4465</id><percentage>92.58</percentage><sem>1</sem></ExamResult><ExamResult><dob>2000-05-26</dob><id>4479</id><percentage>94.26</percentage><sem>1</sem></ExamResult><ExamResult><dob>2000-02-29</dob><id>4489</id><percentage>93.78</percentage><sem>1</sem></ExamResult><ExamResult><dob>2000-11-30</dob><id>4494</id><percentage>93.52</percentage><sem>1</sem></ExamResult><ExamResult><dob>2000-03-29</dob><id>4504</id><percentage>96.68</percentage><sem>1</sem></ExamResult><ExamResult><dob>2000-04-09</dob><id>4511</id><percentage>98.61</percentage><sem>1</sem></ExamResult><ExamResult><dob>2000-09-03</dob><id>4530</id><percentage>95.55</percentage><sem>1</sem></ExamResult><ExamResult><dob>2000-11-01</dob><id>4535</id><percentage>91.02</percentage><sem>1</sem></ExamResult><ExamResult><dob>2000-10-26</dob><id>4540</id><percentage>97.97</percentage><sem>1</sem></ExamResult><ExamResult><dob>2000-11-07</dob><id>4546</id><percentage>97.69</percentage><sem>1</sem></ExamResult><ExamResult><dob>2000-01-26</dob><id>4554</id><percentage>95.81</percentage><sem>1</sem></ExamResult><ExamResult><dob>2000-04-11</dob><id>4568</id><percentage>92.25</percentage><sem>1</sem></ExamResult><ExamResult><dob>2000-02-10</dob><id>4577</id><percentage>96.93</percentage><sem>1</sem></ExamResult><ExamResult><dob>2000-03-12</dob><id>4580</id><percentage>95.02</percentage><sem>1</sem></ExamResult><ExamResult><dob>2000-03-01</dob><id>4581</id><percentage>97.95</percentage><sem>1</sem></ExamResult><ExamResult><dob>2000-01-04</dob><id>4585</id><percentage>98.29</percentage><sem>1</sem></ExamResult><ExamResult><dob>2000-12-27</dob><id>4589</id><percentage>94.44</percentage><sem>1</sem></ExamResult><ExamResult><dob>2000-10-01</dob><id>4590</id><percentage>92.59</percentage><sem>1</sem></ExamResult><ExamResult><dob>2000-09-05</dob><id>4606</id><percentage>96.71</percentage><sem>1</sem></ExamResult><ExamResult><dob>2000-10-31</dob><id>4638</id><percentage>91.49</percentage><sem>1</sem></ExamResult><ExamResult><dob>2000-05-16</dob><id>4642</id><percentage>93.35</percentage><sem>1</sem></ExamResult><ExamResult><dob>2000-07-18</dob><id>4643</id><percentage>92.89</percentage><sem>1</sem></ExamResult><ExamResult><dob>2000-11-24</dob><id>4649</id><percentage>98.83</percentage><sem>1</sem></ExamResult><ExamResult><dob>2000-01-05</dob><id>4652</id><percentage>98.34</percentage><sem>1</sem></ExamResult><ExamResult><dob>2000-08-01</dob><id>4657</id><percentage>99.52</percentage><sem>1</sem></ExamResult><ExamResult><dob>2000-04-10</dob><id>4672</id><percentage>92.35</percentage><sem>1</sem></ExamResult><ExamResult><dob>2000-11-22</dob><id>4682</id><percentage>98.55</percentage><sem>1</sem></ExamResult><ExamResult><dob>2000-03-05</dob><id>4700</id><percentage>91.99</percentage><sem>1</sem></ExamResult><ExamResult><dob>2000-02-10</dob><id>4730</id><percentage>94.99</percentage><sem>1</sem></ExamResult><ExamResult><dob>2000-03-07</dob><id>4754</id><percentage>99.24</percentage><sem>1</sem></ExamResult><ExamResult><dob>2000-11-11</dob><id>4775</id><percentage>93.09</percentage><sem>1</sem></ExamResult><ExamResult><dob>2000-11-05</dob><id>4807</id><percentage>90.5</percentage><sem>1</sem></ExamResult><ExamResult><dob>2000-08-16</dob><id>4819</id><percentage>99.49</percentage><sem>1</sem></ExamResult><ExamResult><dob>2000-10-21</dob><id>4824</id><percentage>94.36</percentage><sem>1</sem></ExamResult><ExamResult><dob>2000-03-19</dob><id>4844</id><percentage>97.35</percentage><sem>1</sem></ExamResult><ExamResult><dob>2000-06-03</dob><id>4864</id><percentage>90.56</percentage><sem>1</sem></ExamResult><ExamResult><dob>2000-01-03</dob><id>4875</id><percentage>90.49</percentage><sem>1</sem></ExamResult><ExamResult><dob>2000-03-08</dob><id>4879</id><percentage>95.53</percentage><sem>1</sem></ExamResult><ExamResult><dob>2000-12-28</dob><id>4890</id><percentage>93.78</percentage><sem>1</sem></ExamResult><ExamResult><dob>2000-05-15</dob><id>4894</id><percentage>95.77</percentage><sem>1</sem></ExamResult><ExamResult><dob>2000-03-09</dob><id>4901</id><percentage>98.69</percentage><sem>1</sem></ExamResult><ExamResult><dob>2000-05-16</dob><id>4902</id><percentage>90.69</percentage><sem>1</sem></ExamResult><ExamResult><dob>2000-11-15</dob><id>4905</id><percentage>94.32</percentage><sem>1</sem></ExamResult><ExamResult><dob>2000-06-20</dob><id>4910</id><percentage>95.04</percentage><sem>1</sem></ExamResult><ExamResult><dob>2000-07-20</dob><id>4914</id><percentage>96.07</percentage><sem>1</sem></ExamResult><ExamResult><dob>2000-10-23</dob><id>4918</id><percentage>93.56</percentage><sem>1</sem></ExamResult><ExamResult><dob>2000-07-24</dob><id>4937</id><percentage>92.75</percentage><sem>1</sem></ExamResult><ExamResult><dob>2000-12-12</dob><id>4938</id><percentage>96.31</percentage><sem>1</sem></ExamResult><ExamResult><dob>2000-12-19</dob><id>4939</id><percentage>95.12</percentage><sem>1</sem></ExamResult><ExamResult><dob>2000-09-03</dob><id>4958</id><percentage>91.32</percentage><sem>1</sem></ExamResult><ExamResult><dob>2000-07-15</dob><id>4959</id><percentage>94.76</percentage><sem>1</sem></ExamResult><ExamResult><dob>2000-01-12</dob><id>4970</id><percentage>92.36</percentage><sem>1</sem></ExamResult><ExamResult><dob>2000-08-20</dob><id>4976</id><percentage>93.21</percentage><sem>1</sem></ExamResult><ExamResult><dob>2000-10-01</dob><id>4977</id><percentage>95.79</percentage><sem>1</sem></ExamResult><ExamResult><dob>2000-09-05</dob><id>4982</id><percentage>97.95</percentage><sem>1</sem></ExamResult><ExamResult><dob>2000-03-12</dob><id>4984</id><percentage>91.12</percentage><sem>1</sem></ExamResult><ExamResult><dob>2000-02-13</dob><id>4992</id><percentage>98.17</percentage><sem>1</sem></ExamResult><ExamResult><dob>2000-11-02</dob><id>4998</id><percentage>92.94</percentage><sem>1</sem></ExamResult></TopResults>