<beans  
xmlns="http://www.springframework.org/schema/beans"
xmlns:context="http://www.springframework.org/schema/context"
xmlns:xsi="http://www.w3.org/2001/XMLSchema-instance"
xsi:schemaLocation="http://www.springframework.org/schema/beans 
http://www.springframework.org/schema/beans/spring-beans-3.0.xsd
http://www.springframework.org/schema/context 
http://www.springframework.org/schema/context/spring-context-3.0.xsd">

<bean id="dataSource"
class="org.springframework.jdbc.datasource.DriverManagerDataSource">
<property name="driverClassName"
value="com.mysql.jdbc.Driver"/>
<property name="url"
value="jdbc:mysql://localhost:3306/nit"/>
<property name="username" value="root"/>
<property name="password" value="root"/>
</bean>
<bean id="sessionFactory" class=
"org.springframework.orm.hibernate4.LocalSessionFactoryBean">

<property name="dataSource" ref="dataSource"/>
<property name="hibernateProperties">
<props>
<prop key="hibernate.show_sql">true</prop>
</props>
</property>
<property name="annotatedClasses">
<list>
<value>com.nareshit.pojo.User</value>
</list>
</property>
</bean>
<context:component-scan base-package="com.nareshit.dao"/>
</beans>