<?xml version="1.0" encoding="UTF-8"?>
<!-- This file was auto-generated from WSDL -->
<!-- by the Apache Axis2 version: 1.6.2  Built on : Apr 17, 2012 (05:33:49 IST) -->
<serviceGroup>
    <service name="HelloService">
        <messageReceivers>
            <messageReceiver mep="http://www.w3.org/ns/wsdl/in-out" class="com.axis2example.service.HelloServiceMessageReceiverInOut"/>
        </messageReceivers>
        <parameter name="ServiceClass">com.axis2example.service.HelloServiceSkeleton</parameter>
        <parameter name="useOriginalwsdl">true</parameter>
        <parameter name="modifyUserWSDLPortAddress">true</parameter>
        <operation name="sayHello" mep="http://www.w3.org/ns/wsdl/in-out" namespace="http://service.axis2example.com">
            <actionMapping>http://service.axis2example.com/IHelloService/sayHelloRequest</actionMapping>
            <outputActionMapping>http://service.axis2example.com/IHelloService/sayHelloResponse</outputActionMapping>
        </operation>
    </service>
</serviceGroup>
